<?xml version="1.0"?>
<xod>
  <alias name="Color" class="thinwire.ui.style.Color"/>
  <alias name="Style" class="thinwire.ui.style.Style"/>

  <property name="path.image" value="/img/"/>

  <!-- system color override, comment out any of these to use system defaults -->
  
  <!--
  Controls the color of the single pixel border that surrounds the selected date
  in the DateBox control as well as the color of the line at the top and bottom
  of the control. Also controls the 1px border that surrounds a Button or
  DropDown button when they have focus. Additionally, this is the color used on
  the 1px dotted border that surrounds a item that is being dragged around.
  -->
  <Color id="activeborder" valueOf="rgb(0, 0, 0)"/>

  <!-- Controls the background color of the title bar in a Dialog when it is active -->
  <Color id="activecaption" valueOf="rgb(0, 84, 227)"/>
  
  <!-- NO SPECIAL MEANING -->
  <Color id="appworkspace" valueOf="rgb(128, 128, 128)"/>
    
  <!-- Controls the background color of GridBox column header, DateBox header, DropDown button & Dialog close button -->
  <Color id="buttonface" valueOf="rgb(236, 233, 216)"/>

  <!--
  Controls the border color of GridBox column header, DateBox header, DropDown
  button & Dialog close button NOTE: If you set them both to the same value, you
  will get a sensible solid border unless they both equal the same value that
  'buttonface' is set to, in which case you will get an outset border based on
  the buttonface color value. Alternatively you can set the values to
  independent color values in which case you will get a outset border that has
  the left and top set to the 'buttonhighlight' value and the right and bottom
  set to the 'buttonshadow' value.
  -->
  <Color id="buttonhighlight" valueOf="rgb(236, 233, 216)"/>
  <Color id="buttonshadow" valueOf="rgb(236, 233, 216)"/>
  
  <!-- Controls the color of text on GridBox column header, DateBox header & Dialog close button -->
  <Color id="buttontext" valueOf="rgb(0, 0, 0)"/>
  
  <!-- NO SPECIAL MEANING -->
  <Color id="captiontext" valueOf="rgb(255, 255, 255)"/>

  <!--
  The 'graytext' and 'background' colors work together to provide some degree of
  control over the disabled component styling. Except for the rules below,
  'graytext' controls the disabled text color of all components. Similarly,
  'background' controls the disabled background color of all components that
  have a typically lighter (usually white) area within them. For example, A
  radio button would have it's radiobutton area shaded, and a tree's entire
  background would be shaded, whereas a Label or Hyperlink would have no
  noticable change to their background.  Here are some special cases:
  
  1. Commenting out the 'graytext' override will prevent any change to the text
     from occuring when toggling a disabled state, except on a Button, Menu,
     GridBox header or DateBox header, which will always have it's text grayed out.
     
  2. Commenting out the 'background' override will prevent any change to the 
     background from occuring when toggling a disabled state.
     
  3. Setting the 'background' equal to the value in 'window' will cause the 
     background to always copy the parent container's background color when
     disabled.
  -->
  <Color id="graytext" valueOf="rgb(172, 168, 153)"/>
  <!--<Color id="background" valueOf="rgb(255, 255, 255)"/>-->

  <!-- Controls the selection/highlight background color in DateBox, GridBox, Menu & Tree -->
  <Color id="highlight" valueOf="rgb(49, 106, 197)"/>

  <!-- Controls the selection/highlight font color in DateBox, GridBox, Menu & Tree -->
  <Color id="highlighttext" valueOf="rgb(255, 255, 255)"/>

  <!-- NO SPECIAL MEANING -->
  <Color id="inactiveborder" valueOf="rgb(212, 208, 200)"/>

  <!--
  Controls the background color of the title bar in a Dialog when it is inactive.
  Also controls the background color used in place of the 'highlight' color for disabled
  controls.
  -->
  <Color id="inactivecaption" valueOf="rgb(122, 150, 223)"/>

  <!--
  Controls the font color of the title bar text in a Dialog when it is inactive.
  Also controls the font color used in place of the 'highlighttext' color for disabled
  control text.
  -->
  <Color id="inactivecaptiontext" valueOf="rgb(216, 228, 248)"/>

  <!-- NO SPECIAL MEANING -->
  <Color id="infobackground" valueOf="rgb(255, 255, 225)"/>

  <!-- NO SPECIAL MEANING -->
  <Color id="infotext" valueOf="rgb(0, 0, 0)"/>

  <!-- NO SPECIAL MEANING -->
  <Color id="menu" valueOf="rgb(255, 255, 255)"/>

  <!-- NO SPECIAL MEANING -->
  <Color id="menutext" valueOf="rgb(0, 0, 0)"/>
  
  <!--
  The following setting only has an effect in browsers that support scroll bar
  styling dynamically via the 'style' object, such as IE.  For such browsers,
  the following styling rules apply:
  
  1. If the value in 'scrollbar' does not equal the value in 'buttonface',
     the color specified by 'scrollbar' will control the color of the entire
     scrollbar.
     
  2. If the value in 'scrollbar' equals the value in 'buttonface' then the
     styling will follow the rules outlined above for 'buttonface',
     'buttonshadow' and 'buttonhighlight'
  
  3. Alternatively, you can comment out the 'scrollbar' color override to
     prevent the scrollbars from being styled.
  -->
  <Color id="scrollbar" valueOf="rgb(236, 233, 216)"/>
  
  <!-- NO SPECIAL MEANING -->
  <Color id="threeddarkshadow" valueOf="rgb(113, 111, 100)"/>

  <!-- Controls the GridBox header color, not the column headers, just the area behind them -->
  <Color id="threedface" valueOf="rgb(236, 233, 216)"/>

  <!-- NO SPECIAL MEANING -->
  <Color id="threedhighlight" valueOf="rgb(255, 255, 255)"/>

  <!-- NO SPECIAL MEANING -->
  <Color id="threedlightshadow" valueOf="rgb(241, 239, 226)"/>

  <!-- Controls the DropDown depressed button border color -->
  <Color id="threedshadow" valueOf="rgb(172, 168, 153)"/>

  <!-- NO SPECIAL MEANING -->
  <Color id="window" valueOf="rgb(255, 255, 255)"/>

  <!-- NO SPECIAL MEANING -->
  <Color id="windowframe" valueOf="rgb(0, 0, 0)"/>

  <!-- NO SPECIAL MEANING -->
  <Color id="windowtext" valueOf="rgb(0, 0, 0)"/>

  <!-- NOTE: If you comment out the activityIndicator line, it will remove the activity indicator -->
  <property name="image.activityIndicator" value="${xod.path}${path.image}activityInd.gif"/>
  <property name="image.dragDrop.valid" value="${xod.path}${path.image}dragValid.png"/>
  <property name="image.dragDrop.invalid" value="${xod.path}${path.image}dragInvalid.png"/>
  
  <Style id="default">
    <background color="transparent"/>
    <font family="Tahoma, sans-serif" color="windowtext" size="8" italic="false" bold="false" underline="false" strike="false"/>
    <border size="0" type="none" color="transparent"/>
    <fX positionChange="none" sizeChange="none" visibleChange="none"/>
  </Style>
  
  <Style id="default.inset" copy="default">
    <background color="window"/>
    <border size="2" type="inset" color="threedface"/>
  </Style>

  <Style id="default.outset" copy="default">
    <background color="threedface"/>
    <border size="2" type="outset" color="threedface"/>
  </Style>
  
  <Style id="Button" copy="default.outset" opacity="50">
    <background color="buttonface"/>
    <font color="buttontext"/>
    <border color="buttonface"/>
  </Style>
  
  <Style id="CheckBox" copy="default.inset">
    <border color="buttonface"/>
  </Style>  
  <property name="image.checkBox.check" value="${xod.path}${path.image}cbChecked.png"/>
  <property name="image.checkBox.checkDisabled" value="${xod.path}${path.image}cbDisabledChecked.png"/>
  
  <Style id="Dialog" copy="default.outset">
    <background color="threedface"/>
    <font color="captiontext" bold="true"/>
  </Style>
  <property name="image.dialog.resize" value="${xod.path}${path.image}dResize.png"/>
  <property name="image.dialog.close" value="${xod.path}${path.image}dClose.png"/>
  
  <Style id="DateBox" copy="default.inset"/>
  <property name="image.dateBox.prevArrow" value="${xod.path}${path.image}leftArrow.png"/>
  <property name="image.dateBox.nextArrow" value="${xod.path}${path.image}rightArrow.png"/>
  
  <Style id="Divider" copy="default">
    <border size="1" type="inset" color="threedface"/>
  </Style>
  
  <Style id="DropDown" copy="default.inset"/>
  <property name="image.dropDown.buttonArrow" value="${xod.path}${path.image}ddButton.png"/>
  <property name="image.dropDown.buttonArrowDisabled" value="${xod.path}${path.image}ddDisabledButton.png"/>
  
  <Style id="Frame" copy="default">
    <background color="window"/>
  </Style>
  
  <Style id="GridBox" copy="default.inset"/>
  <property name="image.gridBox.checked" value="${xod.path}${path.image}gbChecked.png"/>
  <property name="image.gridBox.unchecked" value="${xod.path}${path.image}gbUnchecked.png"/>
  <property name="image.gridBox.childArrow" value="${xod.path}${path.image}gbChildArrow.png"/>
  <property name="image.gridBox.childArrowInvert" value="${xod.path}${path.image}gbChildArrowInvert.png"/>
  <property name="image.gridBox.sortArrowAsc" value="${xod.path}${path.image}gbSortOrderAsc.png"/>
  <property name="image.gridBox.sortArrowDesc" value="${xod.path}${path.image}gbSortOrderDesc.png"/>
  
  <Style id="Hyperlink" copy="default">
    <font color="blue" underline="true"/>
  </Style>
  
  <Style id="Image" copy="default"/>
  
  <Style id="Label" copy="default"/>
  
  <Style id="Menu" copy="default.outset">
    <font color="menutext"/>
  </Style>
  <property name="image.menu.childArrow" value="${xod.path}${path.image}menuArrow.png"/>
  <property name="image.menu.childArrowInvert" value="${xod.path}${path.image}menuArrowInvert.png"/>
  
  <Style id="Panel" copy="default">
    <background color="threedface"/>
  </Style>
  
  <Style id="ProgressBar" copy="default.inset">
    <font color="highlight"/>
  </Style>
  
  <Style id="RadioButton" copy="CheckBox">
    <border image="${xod.path}${path.image}rbBorder.png"/>
  </Style>
  <property name="image.radioButton.check" value="${xod.path}${path.image}rbChecked.png"/>
  <property name="image.radioButton.checkDisabled" value="${xod.path}${path.image}rbDisabledChecked.png"/>
  
  <Style id="Slider" copy="Button"/>
  
  <Style id="TabFolder" copy="default.outset"/>
  
  <!--NOTE: Border is defined by TabFolder, not TabSheet-->
  <Style id="TabSheet" copy="default.outset"/>
  
  <Style id="TextArea" copy="default.inset"/>
  
  <Style id="TextField" copy="default.inset"/>
  
  <Style id="Tree" copy="default.inset"/>
  <!-- NOTE: There are too many images used by Tree currently.  Will be cleaned up before v1.2 final -->
  <property name="image.tree.empty" value="${xod.path}${path.image}treeEmpty.png"/>
  <property name="image.tree.expand" value="${xod.path}${path.image}treeExpand.png"/>
  <property name="image.tree.expandBottom" value="${xod.path}${path.image}treeExpandBottom.png"/>
  <property name="image.tree.expandBottomTop" value="${xod.path}${path.image}treeExpandBottomTop.png"/>
  <property name="image.tree.expandTop" value="${xod.path}${path.image}treeExpandTop.png"/>
  <property name="image.tree.leaf" value="${xod.path}${path.image}treeLeaf.png"/>
  <property name="image.tree.leafBottom" value="${xod.path}${path.image}treeLeafBottom.png"/>
  <property name="image.tree.leafBottomTop" value="${xod.path}${path.image}treeLeafBottomTop.png"/>
  <property name="image.tree.leafTop" value="${xod.path}${path.image}treeLeafTop.png"/>
  <property name="image.tree.straight" value="${xod.path}${path.image}treeStraight.png"/>
  <property name="image.tree.unexpand" value="${xod.path}${path.image}treeUnexpand.png"/>
  <property name="image.tree.unexpandBottom" value="${xod.path}${path.image}treeUnexpandBottom.png"/>
  <property name="image.tree.unexpandBottomTop" value="${xod.path}${path.image}treeUnexpandBottomTop.png"/>
  <property name="image.tree.unexpandTop" value="${xod.path}${path.image}treeUnexpandTop.png"/>
  
  <!-- NOTE: Not sure how many of these settings actually have an effect since we use
  an IFRAME to render the WebBrowser control.  For instance the background color will mean nothing. -->
  <Style id="WebBrowser" copy="default.inset"/>
</xod>
